;AA;AB;AC;AD;AE;AF;AG;AH;AI;AJ;AK;AL;AM;AN;AO;AP;AQ;AR;AS;AT;AU;AV;AW;AX;AY;AZ;BA;BB;BC;BD;BE;BF;BG;BH;BI;BJ;BK;BL
AA;1;1;1;1;1;1;0;0;0;0;0;1;0;0;1;1;1;0;0;0;1;1;1;1;0;1;1;1;0;0;1;0;0;1;0;0;0;0
AB;1;1;1;1;1;1;1;0;1;0;1;1;1;1;1;1;1;1;0;1;1;1;1;1;0;1;0;0;0;0;0;1;0;1;1;0;0;0
AC;1;1;1;0;1;1;0;0;1;0;0;1;0;0;0;0;0;0;0;0;1;1;1;1;0;1;0;0;0;0;0;0;0;1;0;0;0;0
AD;1;1;1;1;1;1;1;0;1;1;1;1;1;0;1;1;1;0;0;0;1;1;1;1;1;1;0;1;1;1;0;1;0;1;1;0;1;1
AE;1;1;1;0;1;1;0;0;1;1;1;1;1;1;0;0;1;0;0;0;1;1;1;1;1;1;0;1;0;1;0;1;0;1;1;0;1;0
AF;1;1;1;1;1;1;1;0;1;1;1;1;1;1;1;0;0;0;0;0;0;1;1;1;1;0;0;0;0;0;0;0;0;1;1;1;1;1
AG;NA;NA;NA;NA;NA;NA;NA;NA;NA;NA;NA;NA;NA;NA;NA;NA;NA;NA;NA;NA;NA;NA;NA;NA;NA;NA;NA;NA;NA;NA;NA;NA;NA;NA;NA;NA;NA;NA
AH;NA;NA;NA;NA;NA;NA;NA;NA;NA;NA;NA;NA;NA;NA;NA;NA;NA;NA;NA;NA;NA;NA;NA;NA;NA;NA;NA;NA;NA;NA;NA;NA;NA;NA;NA;NA;NA;NA
AI;1;1;1;1;1;1;1;0;1;1;1;1;0;0;1;1;1;0;0;0;1;1;1;1;1;1;1;1;1;1;1;1;1;1;0;0;0;1
AJ;1;1;1;1;1;1;0;0;1;0;1;1;0;0;0;1;1;0;0;1;1;1;1;1;0;1;0;0;0;0;0;0;0;1;0;0;0;0
AK;NA;NA;NA;NA;NA;NA;NA;NA;NA;NA;NA;NA;NA;NA;NA;NA;NA;NA;NA;NA;NA;NA;NA;NA;NA;NA;NA;NA;NA;NA;NA;NA;NA;NA;NA;NA;NA;NA
AL;1;1;1;0;1;1;0;0;1;1;1;1;0;0;0;0;1;0;0;0;1;1;1;1;1;0;0;0;0;0;0;1;0;1;1;1;0;0
AM;1;1;1;1;1;1;1;1;1;1;0;1;0;1;0;1;1;0;0;1;1;0;1;0;0;0;0;1;0;0;0;0;0;0;1;0;0;0
AN;1;0;0;0;0;0;0;0;1;1;0;1;1;1;0;1;1;1;1;1;0;1;1;1;1;1;1;1;1;1;1;0;0;1;1;0;0;0
AO;0;1;1;1;1;1;0;0;1;0;1;0;0;0;1;0;0;0;0;0;0;1;1;1;1;0;0;0;0;0;0;0;0;1;1;0;0;1
AP;1;1;1;1;1;1;1;1;1;0;0;0;0;1;1;0;1;1;0;1;0;0;0;0;0;0;0;1;0;0;0;0;0;1;0;0;0;0
AQ;NA;NA;NA;NA;NA;NA;NA;NA;NA;NA;NA;NA;NA;NA;NA;NA;NA;NA;NA;NA;NA;NA;NA;NA;NA;NA;NA;NA;NA;NA;NA;NA;NA;NA;NA;NA;NA;NA
AR;NA;NA;NA;NA;NA;NA;NA;NA;NA;NA;NA;NA;NA;NA;NA;NA;NA;NA;NA;NA;NA;NA;NA;NA;NA;NA;NA;NA;NA;NA;NA;NA;NA;NA;NA;NA;NA;NA
AS;NA;NA;NA;NA;NA;NA;NA;NA;NA;NA;NA;NA;NA;NA;NA;NA;NA;NA;NA;NA;NA;NA;NA;NA;NA;NA;NA;NA;NA;NA;NA;NA;NA;NA;NA;NA;NA;NA
AT;1;0;0;0;0;0;0;0;0;0;0;0;0;0;0;1;1;0;0;1;0;0;0;0;0;0;0;1;1;0;0;0;0;1;0;0;0;0
AU;0;1;1;1;1;1;0;0;0;0;0;1;0;0;0;0;0;0;0;0;1;1;1;0;0;1;0;1;0;0;0;0;0;1;0;0;0;0
AV;1;1;1;0;1;1;0;0;1;1;1;1;1;1;0;0;1;0;0;0;0;1;1;0;1;1;0;1;1;1;1;1;1;1;1;0;1;1
AW;1;1;1;0;1;1;0;0;0;0;0;1;0;1;0;1;1;0;0;0;1;1;1;1;0;1;0;1;0;0;0;0;0;0;0;0;0;0
AX;0;1;1;0;1;1;0;0;1;0;0;0;0;0;0;0;0;0;0;0;0;0;1;0;0;0;0;0;0;0;0;0;0;1;1;0;0;0
AY;NA;NA;NA;NA;NA;NA;NA;NA;NA;NA;NA;NA;NA;NA;NA;NA;NA;NA;NA;NA;NA;NA;NA;NA;NA;NA;NA;NA;NA;NA;NA;NA;NA;NA;NA;NA;NA;NA
AZ;1;1;1;0;1;1;0;0;0;0;0;0;0;0;0;0;0;0;0;0;1;1;1;1;0;1;1;1;0;0;0;0;0;1;0;0;0;0
BA;1;1;1;1;1;1;1;1;1;0;1;0;0;0;0;1;1;0;0;0;0;0;1;0;0;1;0;1;0;0;0;0;0;1;1;0;0;0
BB;NA;NA;NA;NA;NA;NA;NA;NA;NA;NA;NA;NA;NA;NA;NA;NA;NA;NA;NA;NA;NA;NA;NA;NA;NA;NA;NA;NA;NA;NA;NA;NA;NA;NA;NA;NA;NA;NA
BC;1;1;1;1;1;1;1;0;1;1;1;1;1;1;1;1;1;1;0;0;0;1;1;0;0;1;1;1;1;1;1;1;0;1;0;0;0;1
BD;NA;NA;NA;NA;NA;NA;NA;NA;NA;NA;NA;NA;NA;NA;NA;NA;NA;NA;NA;NA;NA;NA;NA;NA;NA;NA;NA;NA;NA;NA;NA;NA;NA;NA;NA;NA;NA;NA
BE;1;0;0;0;0;0;0;0;0;0;0;0;0;0;0;0;0;0;0;0;0;0;0;0;0;0;1;0;0;0;0;1;0;1;0;0;0;0
BF;1;1;1;1;1;1;1;1;1;0;1;0;0;1;1;1;1;0;0;1;0;1;1;0;0;0;0;0;0;0;0;0;0;0;0;0;0;0
BG;NA;NA;NA;NA;NA;NA;NA;NA;NA;NA;NA;NA;NA;NA;NA;NA;NA;NA;NA;NA;NA;NA;NA;NA;NA;NA;NA;NA;NA;NA;NA;NA;NA;NA;NA;NA;NA;NA
BH;NA;NA;NA;NA;NA;NA;NA;NA;NA;NA;NA;NA;NA;NA;NA;NA;NA;NA;NA;NA;NA;NA;NA;NA;NA;NA;NA;NA;NA;NA;NA;NA;NA;NA;NA;NA;NA;NA
BI;NA;NA;NA;NA;NA;NA;NA;NA;NA;NA;NA;NA;NA;NA;NA;NA;NA;NA;NA;NA;NA;NA;NA;NA;NA;NA;NA;NA;NA;NA;NA;NA;NA;NA;NA;NA;NA;NA
BJ;NA;NA;NA;NA;NA;NA;NA;NA;NA;NA;NA;NA;NA;NA;NA;NA;NA;NA;NA;NA;NA;NA;NA;NA;NA;NA;NA;NA;NA;NA;NA;NA;NA;NA;NA;NA;NA;NA
BK;NA;NA;NA;NA;NA;NA;NA;NA;NA;NA;NA;NA;NA;NA;NA;NA;NA;NA;NA;NA;NA;NA;NA;NA;NA;NA;NA;NA;NA;NA;NA;NA;NA;NA;NA;NA;NA;NA
BL;NA;NA;NA;NA;NA;NA;NA;NA;NA;NA;NA;NA;NA;NA;NA;NA;NA;NA;NA;NA;NA;NA;NA;NA;NA;NA;NA;NA;NA;NA;NA;NA;NA;NA;NA;NA;NA;NA
